BuildingName,Program,Vintage,FractHeatToCanyon,SHGC,WallAlbedo,RoofAlbedo,RoofVegFraction,WWR,UValue,Height,Stories,FootprintArea,CanyonWidth,HW,SouthHW,SVF
ResidentialBldg_17,MidriseApartment,1980_Present,1.0,0.7,0.8,0.4,0.4,0.9,0.5,16.764260072506374,5,444.93640659819,5.00488366002056,3.3495803721514488,0.7140721319083261,0.925
ResidentialBldg_18,MidriseApartment,1980_Present,1.0,0.7,0.8,0.4,0.4,0.9,0.5,12.801730890072292,4,473.7976997289345,5.675545568988801,2.2555947678441686,0.39907629879915923,1.0
ResidentialBldg_13,MidriseApartment,1980_Present,1.0,0.7,0.8,0.4,0.4,0.9,0.5,11.582530755794949,3,474.27827652457256,5.638564942406519,2.0541628719543605,0.41064013675049393,0.91
ParkingBldg_3,Warehouse,2007,0.2,0.7,0.7,0.9,0.2,0.8,0.55,4.572021741660137,1,3755.2856427348975,2.2859999110541622,2.0000095886057156,0.33861249680039446,0.955
